{
  "project_info": {
    "project_number": "152384038795",
    "firebase_url": "https://weather-35543.firebaseio.com",
    "project_id": "weather-35543",
    "storage_bucket": "weather-35543.appspot.com"
  },
  "client": [
    {
      "client_info": {
        "mobilesdk_app_id": "1:152384038795:android:2728eb008aa2802f",
        "android_client_info": {
          "package_name": "com.madhuri.weather"
        }
      },
      "oauth_client": [
        {
          "client_id": "152384038795-3a438vjtfka2mjh1n8es7ej171eej3h8.apps.googleusercontent.com",
          "client_type": 1,
          "android_info": {
            "package_name": "com.madhuri.weather",
            "certificate_hash": "2483403c3007ee088d21cb0d83c11002a980d877"
          }
        },
        {
          "client_id": "152384038795-ob81nmue5fqpsmo940ulductgfkagavo.apps.googleusercontent.com",
          "client_type": 3
        }
      ],
      "api_key": [
        {
          "current_key": "AIzaSyB8NPctStEpLb8rGH_5K3WCgyGi6HAWTUs"
        }
      ],
      "services": {
        "analytics_service": {
          "status": 1
        },
        "appinvite_service": {
          "status": 2,
          "other_platform_oauth_client": [
            {
              "client_id": "152384038795-ob81nmue5fqpsmo940ulductgfkagavo.apps.googleusercontent.com",
              "client_type": 3
            }
          ]
        },
        "ads_service": {
          "status": 2
        }
      }
    }
  ],
  "configuration_version": "1"
}